Depl,Token,Inconsistent transaction amount
0xedD7868662F1aE17c53dDaea63469b4C1292Ea7C,0x6c6EE5e31d828De241282B9606C8e98Ea48526E2,5
0xae64963F1E6aa5ab9e186C9e35947E52bB434Ff3,0x6c6EE5e31d828De241282B9606C8e98Ea48526E2,2
0xae64963F1E6aa5ab9e186C9e35947E52bB434Ff3,0xd26114cd6EE289AccF82350c8d8487fedB8A0C07,2
0x9891832633a83634765952b051bc7feF36714A46,0x3212b29E33587A00FB1C83346f5dBFA69A458923,206
0x9891832633a83634765952b051bc7feF36714A46,0x3212b29E33587A00FB1C83346f5dBFA69A458923,3
0x9891832633a83634765952b051bc7feF36714A46,0x3212b29E33587A00FB1C83346f5dBFA69A458923,5
0x9891832633a83634765952b051bc7feF36714A46,0x3212b29E33587A00FB1C83346f5dBFA69A458923,2
0x5995858ADDC1bE7DFEDA1bbB1162CFcd714790F7,0x3212b29E33587A00FB1C83346f5dBFA69A458923,11
0x5995858ADDC1bE7DFEDA1bbB1162CFcd714790F7,0x3212b29E33587A00FB1C83346f5dBFA69A458923,1
0x5995858ADDC1bE7DFEDA1bbB1162CFcd714790F7,0x3212b29E33587A00FB1C83346f5dBFA69A458923,1
0x485a2dd26334D93D0DB1b6fF4466c0dd824D64Db,0x3212b29E33587A00FB1C83346f5dBFA69A458923,2
0x485a2dd26334D93D0DB1b6fF4466c0dd824D64Db,0x3212b29E33587A00FB1C83346f5dBFA69A458923,12
0x485a2dd26334D93D0DB1b6fF4466c0dd824D64Db,0x3212b29E33587A00FB1C83346f5dBFA69A458923,1
0x485a2dd26334D93D0DB1b6fF4466c0dd824D64Db,0x3212b29E33587A00FB1C83346f5dBFA69A458923,1
0x485a2dd26334D93D0DB1b6fF4466c0dd824D64Db,0x3212b29E33587A00FB1C83346f5dBFA69A458923,6
0x9891832633a83634765952b051bc7feF36714A46,0x3212b29E33587A00FB1C83346f5dBFA69A458923,1
0x810fd213a3958c67746A93A5B7400B119ac1e99A,0xf911a7ec46a2c6fa49193212fe4a2a9B95851c27,2
0x810fd213a3958c67746A93A5B7400B119ac1e99A,0xf911a7ec46a2c6fa49193212fe4a2a9B95851c27,16
0x810fd213a3958c67746A93A5B7400B119ac1e99A,0xf911a7ec46a2c6fa49193212fe4a2a9B95851c27,9
0x810fd213a3958c67746A93A5B7400B119ac1e99A,0xf911a7ec46a2c6fa49193212fe4a2a9B95851c27,4
0x810fd213a3958c67746A93A5B7400B119ac1e99A,0xf911a7ec46a2c6fa49193212fe4a2a9B95851c27,2
0x810fd213a3958c67746A93A5B7400B119ac1e99A,0xf911a7ec46a2c6fa49193212fe4a2a9B95851c27,1
0x810fd213a3958c67746A93A5B7400B119ac1e99A,0xf911a7ec46a2c6fa49193212fe4a2a9B95851c27,1
0x7ff9B3d39BA655128985266B9037428396CD1065,0xf911a7ec46a2c6fa49193212fe4a2a9B95851c27,1
0x7ff9B3d39BA655128985266B9037428396CD1065,0xf911a7ec46a2c6fa49193212fe4a2a9B95851c27,5
0x7ff9B3d39BA655128985266B9037428396CD1065,0xf911a7ec46a2c6fa49193212fe4a2a9B95851c27,2
0x7ff9B3d39BA655128985266B9037428396CD1065,0xf911a7ec46a2c6fa49193212fe4a2a9B95851c27,5
0x7ff9B3d39BA655128985266B9037428396CD1065,0xf911a7ec46a2c6fa49193212fe4a2a9B95851c27,4
0x7ff9B3d39BA655128985266B9037428396CD1065,0xf911a7ec46a2c6fa49193212fe4a2a9B95851c27,1
0x5d8e4B3b76aA70Db7756f9A9d05aB70679194128,0xE17f017475a709De58E976081eB916081ff4c9d5,4
0x8b225D7B6f08eB51422C5b3c94E5eC4FFed15d85,0xE6279E1c65DD41b30bA3760DCaC3CD8bbb4420D6,4
0x8b225D7B6f08eB51422C5b3c94E5eC4FFed15d85,0xE6279E1c65DD41b30bA3760DCaC3CD8bbb4420D6,2
0x2961c01EB89D9af84c3859cE9E00E78efFcAB32F,0xE6279E1c65DD41b30bA3760DCaC3CD8bbb4420D6,107
0x2961c01EB89D9af84c3859cE9E00E78efFcAB32F,0xE6279E1c65DD41b30bA3760DCaC3CD8bbb4420D6,176
0x2961c01EB89D9af84c3859cE9E00E78efFcAB32F,0xE6279E1c65DD41b30bA3760DCaC3CD8bbb4420D6,85
0x2961c01EB89D9af84c3859cE9E00E78efFcAB32F,0xE6279E1c65DD41b30bA3760DCaC3CD8bbb4420D6,2
0x2961c01EB89D9af84c3859cE9E00E78efFcAB32F,0xE6279E1c65DD41b30bA3760DCaC3CD8bbb4420D6,1
0x7ff9B3d39BA655128985266B9037428396CD1065,0xf911a7ec46a2c6fa49193212fe4a2a9B95851c27,1
0x79F57815D3a68d03d963a88a456013c23942cB2a,0x309013d55fB0E8C17363bcC79F25d92f711A5802,2
0x79F57815D3a68d03d963a88a456013c23942cB2a,0x309013d55fB0E8C17363bcC79F25d92f711A5802,40
0x79F57815D3a68d03d963a88a456013c23942cB2a,0x309013d55fB0E8C17363bcC79F25d92f711A5802,138
0x79F57815D3a68d03d963a88a456013c23942cB2a,0x309013d55fB0E8C17363bcC79F25d92f711A5802,249
0x79F57815D3a68d03d963a88a456013c23942cB2a,0x309013d55fB0E8C17363bcC79F25d92f711A5802,281
0x79F57815D3a68d03d963a88a456013c23942cB2a,0x309013d55fB0E8C17363bcC79F25d92f711A5802,119
0x79F57815D3a68d03d963a88a456013c23942cB2a,0x309013d55fB0E8C17363bcC79F25d92f711A5802,1
0x79F57815D3a68d03d963a88a456013c23942cB2a,0x309013d55fB0E8C17363bcC79F25d92f711A5802,12
0x79F57815D3a68d03d963a88a456013c23942cB2a,0x309013d55fB0E8C17363bcC79F25d92f711A5802,7
0x79F57815D3a68d03d963a88a456013c23942cB2a,0x309013d55fB0E8C17363bcC79F25d92f711A5802,3
0x79F57815D3a68d03d963a88a456013c23942cB2a,0x309013d55fB0E8C17363bcC79F25d92f711A5802,2
0x79F57815D3a68d03d963a88a456013c23942cB2a,0x309013d55fB0E8C17363bcC79F25d92f711A5802,1
0x79F57815D3a68d03d963a88a456013c23942cB2a,0x309013d55fB0E8C17363bcC79F25d92f711A5802,1
0xcBc50D87DD3bcA8148d36C59AAF7130937b73E33,0x68A118Ef45063051Eac49c7e647CE5Ace48a68a5,2
0x79F57815D3a68d03d963a88a456013c23942cB2a,0x309013d55fB0E8C17363bcC79F25d92f711A5802,1
0x79F57815D3a68d03d963a88a456013c23942cB2a,0x309013d55fB0E8C17363bcC79F25d92f711A5802,1
0x79F57815D3a68d03d963a88a456013c23942cB2a,0x309013d55fB0E8C17363bcC79F25d92f711A5802,1
0x79F57815D3a68d03d963a88a456013c23942cB2a,0x309013d55fB0E8C17363bcC79F25d92f711A5802,2
0x79F57815D3a68d03d963a88a456013c23942cB2a,0x309013d55fB0E8C17363bcC79F25d92f711A5802,1
0x79F57815D3a68d03d963a88a456013c23942cB2a,0x309013d55fB0E8C17363bcC79F25d92f711A5802,42
0x79F57815D3a68d03d963a88a456013c23942cB2a,0x309013d55fB0E8C17363bcC79F25d92f711A5802,3
0x79F57815D3a68d03d963a88a456013c23942cB2a,0x309013d55fB0E8C17363bcC79F25d92f711A5802,1
0x79F57815D3a68d03d963a88a456013c23942cB2a,0x309013d55fB0E8C17363bcC79F25d92f711A5802,2
0x79F57815D3a68d03d963a88a456013c23942cB2a,0x309013d55fB0E8C17363bcC79F25d92f711A5802,1
0x79F57815D3a68d03d963a88a456013c23942cB2a,0x309013d55fB0E8C17363bcC79F25d92f711A5802,7
0x79F57815D3a68d03d963a88a456013c23942cB2a,0x309013d55fB0E8C17363bcC79F25d92f711A5802,1
0x79F57815D3a68d03d963a88a456013c23942cB2a,0x309013d55fB0E8C17363bcC79F25d92f711A5802,1
0x79F57815D3a68d03d963a88a456013c23942cB2a,0x309013d55fB0E8C17363bcC79F25d92f711A5802,5
0x79F57815D3a68d03d963a88a456013c23942cB2a,0x309013d55fB0E8C17363bcC79F25d92f711A5802,1
0x79F57815D3a68d03d963a88a456013c23942cB2a,0x309013d55fB0E8C17363bcC79F25d92f711A5802,6
0x79F57815D3a68d03d963a88a456013c23942cB2a,0x309013d55fB0E8C17363bcC79F25d92f711A5802,1
0x79F57815D3a68d03d963a88a456013c23942cB2a,0x309013d55fB0E8C17363bcC79F25d92f711A5802,1
0x79F57815D3a68d03d963a88a456013c23942cB2a,0x309013d55fB0E8C17363bcC79F25d92f711A5802,1
0x79F57815D3a68d03d963a88a456013c23942cB2a,0x309013d55fB0E8C17363bcC79F25d92f711A5802,1
0x5d3cD3f3F1f0B99429152b096a1c7Cc7C75a24F8,0x89eE58Af4871b474c30001982c3D7439C933c838,2
0x5d3cD3f3F1f0B99429152b096a1c7Cc7C75a24F8,0x89eE58Af4871b474c30001982c3D7439C933c838,30
0x79F57815D3a68d03d963a88a456013c23942cB2a,0x309013d55fB0E8C17363bcC79F25d92f711A5802,1
0x79F57815D3a68d03d963a88a456013c23942cB2a,0x309013d55fB0E8C17363bcC79F25d92f711A5802,1
0x79F57815D3a68d03d963a88a456013c23942cB2a,0x309013d55fB0E8C17363bcC79F25d92f711A5802,2
0x5d3cD3f3F1f0B99429152b096a1c7Cc7C75a24F8,0x89eE58Af4871b474c30001982c3D7439C933c838,1
0x5d3cD3f3F1f0B99429152b096a1c7Cc7C75a24F8,0x89eE58Af4871b474c30001982c3D7439C933c838,1
0x5d3cD3f3F1f0B99429152b096a1c7Cc7C75a24F8,0x89eE58Af4871b474c30001982c3D7439C933c838,3
0x5d3cD3f3F1f0B99429152b096a1c7Cc7C75a24F8,0x89eE58Af4871b474c30001982c3D7439C933c838,1
0x79F57815D3a68d03d963a88a456013c23942cB2a,0x309013d55fB0E8C17363bcC79F25d92f711A5802,1
0x79F57815D3a68d03d963a88a456013c23942cB2a,0x309013d55fB0E8C17363bcC79F25d92f711A5802,1
0x79F57815D3a68d03d963a88a456013c23942cB2a,0x309013d55fB0E8C17363bcC79F25d92f711A5802,1
0x79F57815D3a68d03d963a88a456013c23942cB2a,0x309013d55fB0E8C17363bcC79F25d92f711A5802,4
0x79F57815D3a68d03d963a88a456013c23942cB2a,0x309013d55fB0E8C17363bcC79F25d92f711A5802,1
0x79F57815D3a68d03d963a88a456013c23942cB2a,0x309013d55fB0E8C17363bcC79F25d92f711A5802,1
0x79F57815D3a68d03d963a88a456013c23942cB2a,0x309013d55fB0E8C17363bcC79F25d92f711A5802,1
0x79F57815D3a68d03d963a88a456013c23942cB2a,0x309013d55fB0E8C17363bcC79F25d92f711A5802,1
0x79F57815D3a68d03d963a88a456013c23942cB2a,0x309013d55fB0E8C17363bcC79F25d92f711A5802,1
0x79F57815D3a68d03d963a88a456013c23942cB2a,0x309013d55fB0E8C17363bcC79F25d92f711A5802,2
0x79F57815D3a68d03d963a88a456013c23942cB2a,0x309013d55fB0E8C17363bcC79F25d92f711A5802,1
0x79F57815D3a68d03d963a88a456013c23942cB2a,0x309013d55fB0E8C17363bcC79F25d92f711A5802,2
0x79F57815D3a68d03d963a88a456013c23942cB2a,0x309013d55fB0E8C17363bcC79F25d92f711A5802,1
0x5d3cD3f3F1f0B99429152b096a1c7Cc7C75a24F8,0x89eE58Af4871b474c30001982c3D7439C933c838,1
0x5d3cD3f3F1f0B99429152b096a1c7Cc7C75a24F8,0x89eE58Af4871b474c30001982c3D7439C933c838,1
0x79F57815D3a68d03d963a88a456013c23942cB2a,0x309013d55fB0E8C17363bcC79F25d92f711A5802,1
0x2961c01EB89D9af84c3859cE9E00E78efFcAB32F,0xE6279E1c65DD41b30bA3760DCaC3CD8bbb4420D6,20
0x5d3cD3f3F1f0B99429152b096a1c7Cc7C75a24F8,0x89eE58Af4871b474c30001982c3D7439C933c838,1
0x79F57815D3a68d03d963a88a456013c23942cB2a,0x309013d55fB0E8C17363bcC79F25d92f711A5802,1
0x5d3cD3f3F1f0B99429152b096a1c7Cc7C75a24F8,0x89eE58Af4871b474c30001982c3D7439C933c838,1
0x5d3cD3f3F1f0B99429152b096a1c7Cc7C75a24F8,0x89eE58Af4871b474c30001982c3D7439C933c838,1
0x79F57815D3a68d03d963a88a456013c23942cB2a,0x309013d55fB0E8C17363bcC79F25d92f711A5802,1
0x79F57815D3a68d03d963a88a456013c23942cB2a,0x309013d55fB0E8C17363bcC79F25d92f711A5802,1
0x79F57815D3a68d03d963a88a456013c23942cB2a,0x309013d55fB0E8C17363bcC79F25d92f711A5802,1
0x79F57815D3a68d03d963a88a456013c23942cB2a,0x309013d55fB0E8C17363bcC79F25d92f711A5802,1
0x79F57815D3a68d03d963a88a456013c23942cB2a,0x309013d55fB0E8C17363bcC79F25d92f711A5802,1
0x79F57815D3a68d03d963a88a456013c23942cB2a,0x309013d55fB0E8C17363bcC79F25d92f711A5802,1
0xE8d754546a60B7204933Be8675dD7a7F0080A999,0x1B8E12F839BD4e73A47adDF76cF7F0097d74c14C,336
0xE8d754546a60B7204933Be8675dD7a7F0080A999,0x1B8E12F839BD4e73A47adDF76cF7F0097d74c14C,105
0xE8d754546a60B7204933Be8675dD7a7F0080A999,0x1B8E12F839BD4e73A47adDF76cF7F0097d74c14C,111
0xE8d754546a60B7204933Be8675dD7a7F0080A999,0x1B8E12F839BD4e73A47adDF76cF7F0097d74c14C,21
0xE8d754546a60B7204933Be8675dD7a7F0080A999,0x1B8E12F839BD4e73A47adDF76cF7F0097d74c14C,87
0xE8d754546a60B7204933Be8675dD7a7F0080A999,0x1B8E12F839BD4e73A47adDF76cF7F0097d74c14C,1
0xE8d754546a60B7204933Be8675dD7a7F0080A999,0x1B8E12F839BD4e73A47adDF76cF7F0097d74c14C,1
0xE8d754546a60B7204933Be8675dD7a7F0080A999,0x1B8E12F839BD4e73A47adDF76cF7F0097d74c14C,84
0xE8d754546a60B7204933Be8675dD7a7F0080A999,0x1B8E12F839BD4e73A47adDF76cF7F0097d74c14C,2
0xE8d754546a60B7204933Be8675dD7a7F0080A999,0x1B8E12F839BD4e73A47adDF76cF7F0097d74c14C,11
0xE8d754546a60B7204933Be8675dD7a7F0080A999,0x1B8E12F839BD4e73A47adDF76cF7F0097d74c14C,6
0xE8d754546a60B7204933Be8675dD7a7F0080A999,0x1B8E12F839BD4e73A47adDF76cF7F0097d74c14C,2
0xE8d754546a60B7204933Be8675dD7a7F0080A999,0x1B8E12F839BD4e73A47adDF76cF7F0097d74c14C,1
0xE8d754546a60B7204933Be8675dD7a7F0080A999,0x1B8E12F839BD4e73A47adDF76cF7F0097d74c14C,1
0xE8d754546a60B7204933Be8675dD7a7F0080A999,0x1B8E12F839BD4e73A47adDF76cF7F0097d74c14C,1
0xeC1CE403F5214c819ea0D9E7331945c834dEc5D0,0x1B8E12F839BD4e73A47adDF76cF7F0097d74c14C,10
0xeC1CE403F5214c819ea0D9E7331945c834dEc5D0,0x1B8E12F839BD4e73A47adDF76cF7F0097d74c14C,36
0xeC1CE403F5214c819ea0D9E7331945c834dEc5D0,0x1B8E12F839BD4e73A47adDF76cF7F0097d74c14C,7
0xeC1CE403F5214c819ea0D9E7331945c834dEc5D0,0x1B8E12F839BD4e73A47adDF76cF7F0097d74c14C,2
0xeC1CE403F5214c819ea0D9E7331945c834dEc5D0,0x1B8E12F839BD4e73A47adDF76cF7F0097d74c14C,5
0xeC1CE403F5214c819ea0D9E7331945c834dEc5D0,0x1B8E12F839BD4e73A47adDF76cF7F0097d74c14C,11
0xeC1CE403F5214c819ea0D9E7331945c834dEc5D0,0x1B8E12F839BD4e73A47adDF76cF7F0097d74c14C,7
0xeC1CE403F5214c819ea0D9E7331945c834dEc5D0,0x1B8E12F839BD4e73A47adDF76cF7F0097d74c14C,2
0xeC1CE403F5214c819ea0D9E7331945c834dEc5D0,0x1B8E12F839BD4e73A47adDF76cF7F0097d74c14C,5
0xeC1CE403F5214c819ea0D9E7331945c834dEc5D0,0x1B8E12F839BD4e73A47adDF76cF7F0097d74c14C,1
0x178D493C8225fc4D3f96cC88dd55e8003ACa760f,0x1B8E12F839BD4e73A47adDF76cF7F0097d74c14C,1
0x178D493C8225fc4D3f96cC88dd55e8003ACa760f,0x1B8E12F839BD4e73A47adDF76cF7F0097d74c14C,1
0x178D493C8225fc4D3f96cC88dd55e8003ACa760f,0x1B8E12F839BD4e73A47adDF76cF7F0097d74c14C,11
0x178D493C8225fc4D3f96cC88dd55e8003ACa760f,0x1B8E12F839BD4e73A47adDF76cF7F0097d74c14C,5
0x178D493C8225fc4D3f96cC88dd55e8003ACa760f,0x1B8E12F839BD4e73A47adDF76cF7F0097d74c14C,4
0x178D493C8225fc4D3f96cC88dd55e8003ACa760f,0x1B8E12F839BD4e73A47adDF76cF7F0097d74c14C,2
0x70dE15ccAe66882DFa8E35a0Ad2fC22c4DeA1Dc7,0x1B8E12F839BD4e73A47adDF76cF7F0097d74c14C,2
0x70dE15ccAe66882DFa8E35a0Ad2fC22c4DeA1Dc7,0x1B8E12F839BD4e73A47adDF76cF7F0097d74c14C,1
0x70dE15ccAe66882DFa8E35a0Ad2fC22c4DeA1Dc7,0x1B8E12F839BD4e73A47adDF76cF7F0097d74c14C,1
0xB6ccaB4082Be3aEff751D014000f3D70F73816E7,0x68A118Ef45063051Eac49c7e647CE5Ace48a68a5,1
0x178D493C8225fc4D3f96cC88dd55e8003ACa760f,0x1B8E12F839BD4e73A47adDF76cF7F0097d74c14C,10
0x50007A6BF4a45374Aa5206C1aBbA88A1ffde1bAF,0x1B8E12F839BD4e73A47adDF76cF7F0097d74c14C,1
0x50007A6BF4a45374Aa5206C1aBbA88A1ffde1bAF,0x1B8E12F839BD4e73A47adDF76cF7F0097d74c14C,1
0xE8d754546a60B7204933Be8675dD7a7F0080A999,0x1B8E12F839BD4e73A47adDF76cF7F0097d74c14C,1
0x178D493C8225fc4D3f96cC88dd55e8003ACa760f,0x1B8E12F839BD4e73A47adDF76cF7F0097d74c14C,1
0xE12C0C5a300da8aE4BC346f3Eb4dA9bfFc0Ca68B,0x1B8E12F839BD4e73A47adDF76cF7F0097d74c14C,3
0xE12C0C5a300da8aE4BC346f3Eb4dA9bfFc0Ca68B,0x1B8E12F839BD4e73A47adDF76cF7F0097d74c14C,1
0x50007A6BF4a45374Aa5206C1aBbA88A1ffde1bAF,0x1B8E12F839BD4e73A47adDF76cF7F0097d74c14C,125
0x50007A6BF4a45374Aa5206C1aBbA88A1ffde1bAF,0x1B8E12F839BD4e73A47adDF76cF7F0097d74c14C,2
0x50007A6BF4a45374Aa5206C1aBbA88A1ffde1bAF,0x1B8E12F839BD4e73A47adDF76cF7F0097d74c14C,746
0x50007A6BF4a45374Aa5206C1aBbA88A1ffde1bAF,0x1B8E12F839BD4e73A47adDF76cF7F0097d74c14C,874
0x50007A6BF4a45374Aa5206C1aBbA88A1ffde1bAF,0x1B8E12F839BD4e73A47adDF76cF7F0097d74c14C,40
0x50007A6BF4a45374Aa5206C1aBbA88A1ffde1bAF,0x1B8E12F839BD4e73A47adDF76cF7F0097d74c14C,113
0x50007A6BF4a45374Aa5206C1aBbA88A1ffde1bAF,0x1B8E12F839BD4e73A47adDF76cF7F0097d74c14C,114
0x50007A6BF4a45374Aa5206C1aBbA88A1ffde1bAF,0x1B8E12F839BD4e73A47adDF76cF7F0097d74c14C,128
0x50007A6BF4a45374Aa5206C1aBbA88A1ffde1bAF,0x1B8E12F839BD4e73A47adDF76cF7F0097d74c14C,13
0x50007A6BF4a45374Aa5206C1aBbA88A1ffde1bAF,0x1B8E12F839BD4e73A47adDF76cF7F0097d74c14C,10
0x50007A6BF4a45374Aa5206C1aBbA88A1ffde1bAF,0x1B8E12F839BD4e73A47adDF76cF7F0097d74c14C,1
0x50007A6BF4a45374Aa5206C1aBbA88A1ffde1bAF,0x1B8E12F839BD4e73A47adDF76cF7F0097d74c14C,3
0x50007A6BF4a45374Aa5206C1aBbA88A1ffde1bAF,0x1B8E12F839BD4e73A47adDF76cF7F0097d74c14C,12
0x50007A6BF4a45374Aa5206C1aBbA88A1ffde1bAF,0x1B8E12F839BD4e73A47adDF76cF7F0097d74c14C,60
0x50007A6BF4a45374Aa5206C1aBbA88A1ffde1bAF,0x1B8E12F839BD4e73A47adDF76cF7F0097d74c14C,3
0x50007A6BF4a45374Aa5206C1aBbA88A1ffde1bAF,0x1B8E12F839BD4e73A47adDF76cF7F0097d74c14C,1
0x50007A6BF4a45374Aa5206C1aBbA88A1ffde1bAF,0x1B8E12F839BD4e73A47adDF76cF7F0097d74c14C,4
0x50007A6BF4a45374Aa5206C1aBbA88A1ffde1bAF,0x1B8E12F839BD4e73A47adDF76cF7F0097d74c14C,9
0x50007A6BF4a45374Aa5206C1aBbA88A1ffde1bAF,0x1B8E12F839BD4e73A47adDF76cF7F0097d74c14C,509
0x50007A6BF4a45374Aa5206C1aBbA88A1ffde1bAF,0x1B8E12F839BD4e73A47adDF76cF7F0097d74c14C,367
0x50007A6BF4a45374Aa5206C1aBbA88A1ffde1bAF,0x1B8E12F839BD4e73A47adDF76cF7F0097d74c14C,56
0x50007A6BF4a45374Aa5206C1aBbA88A1ffde1bAF,0x1B8E12F839BD4e73A47adDF76cF7F0097d74c14C,173
0x50007A6BF4a45374Aa5206C1aBbA88A1ffde1bAF,0x1B8E12F839BD4e73A47adDF76cF7F0097d74c14C,1
0x50007A6BF4a45374Aa5206C1aBbA88A1ffde1bAF,0x1B8E12F839BD4e73A47adDF76cF7F0097d74c14C,30
0x50007A6BF4a45374Aa5206C1aBbA88A1ffde1bAF,0x1B8E12F839BD4e73A47adDF76cF7F0097d74c14C,1
0x50007A6BF4a45374Aa5206C1aBbA88A1ffde1bAF,0x1B8E12F839BD4e73A47adDF76cF7F0097d74c14C,1
0x50007A6BF4a45374Aa5206C1aBbA88A1ffde1bAF,0x1B8E12F839BD4e73A47adDF76cF7F0097d74c14C,41
0x50007A6BF4a45374Aa5206C1aBbA88A1ffde1bAF,0x1B8E12F839BD4e73A47adDF76cF7F0097d74c14C,57
0xb82b6e4d84E7ef74F7C07E2d2c9971315D453929,0x1c7BBADc81E18F7177A95eb1593e5f5f35861B10,2
0xb82b6e4d84E7ef74F7C07E2d2c9971315D453929,0x1c7BBADc81E18F7177A95eb1593e5f5f35861B10,4
0x049C586132110F6551D758deB50A7c984FC0EC59,0x67c597624B17b16fb77959217360B7cD18284253,1
0x049C586132110F6551D758deB50A7c984FC0EC59,0x67c597624B17b16fb77959217360B7cD18284253,1
0x049C586132110F6551D758deB50A7c984FC0EC59,0x67c597624B17b16fb77959217360B7cD18284253,1
0x049C586132110F6551D758deB50A7c984FC0EC59,0x67c597624B17b16fb77959217360B7cD18284253,1
0x8D5Bd8407a55110A346ea0c8aC54C9511764Ee22,0x67c597624B17b16fb77959217360B7cD18284253,1
0x049C586132110F6551D758deB50A7c984FC0EC59,0x67c597624B17b16fb77959217360B7cD18284253,1
0x049C586132110F6551D758deB50A7c984FC0EC59,0x67c597624B17b16fb77959217360B7cD18284253,1
0x049C586132110F6551D758deB50A7c984FC0EC59,0x67c597624B17b16fb77959217360B7cD18284253,2
0x8D5Bd8407a55110A346ea0c8aC54C9511764Ee22,0x67c597624B17b16fb77959217360B7cD18284253,1
0x8D5Bd8407a55110A346ea0c8aC54C9511764Ee22,0x67c597624B17b16fb77959217360B7cD18284253,1
0x8D5Bd8407a55110A346ea0c8aC54C9511764Ee22,0x67c597624B17b16fb77959217360B7cD18284253,1
0x049C586132110F6551D758deB50A7c984FC0EC59,0x67c597624B17b16fb77959217360B7cD18284253,2
0x8D5Bd8407a55110A346ea0c8aC54C9511764Ee22,0x67c597624B17b16fb77959217360B7cD18284253,2
0x8D5Bd8407a55110A346ea0c8aC54C9511764Ee22,0x67c597624B17b16fb77959217360B7cD18284253,1
0x8D5Bd8407a55110A346ea0c8aC54C9511764Ee22,0x67c597624B17b16fb77959217360B7cD18284253,1
0x049C586132110F6551D758deB50A7c984FC0EC59,0x67c597624B17b16fb77959217360B7cD18284253,1
0x8D5Bd8407a55110A346ea0c8aC54C9511764Ee22,0x67c597624B17b16fb77959217360B7cD18284253,1
0x049C586132110F6551D758deB50A7c984FC0EC59,0x67c597624B17b16fb77959217360B7cD18284253,1
0x8D5Bd8407a55110A346ea0c8aC54C9511764Ee22,0x67c597624B17b16fb77959217360B7cD18284253,2
0x049C586132110F6551D758deB50A7c984FC0EC59,0x67c597624B17b16fb77959217360B7cD18284253,1
0x049C586132110F6551D758deB50A7c984FC0EC59,0x67c597624B17b16fb77959217360B7cD18284253,1
0x8D5Bd8407a55110A346ea0c8aC54C9511764Ee22,0x67c597624B17b16fb77959217360B7cD18284253,1
0x049C586132110F6551D758deB50A7c984FC0EC59,0x67c597624B17b16fb77959217360B7cD18284253,12
0x8D5Bd8407a55110A346ea0c8aC54C9511764Ee22,0x67c597624B17b16fb77959217360B7cD18284253,1
0x8D5Bd8407a55110A346ea0c8aC54C9511764Ee22,0x67c597624B17b16fb77959217360B7cD18284253,1
0x8D5Bd8407a55110A346ea0c8aC54C9511764Ee22,0x67c597624B17b16fb77959217360B7cD18284253,4
0x8D5Bd8407a55110A346ea0c8aC54C9511764Ee22,0x67c597624B17b16fb77959217360B7cD18284253,1
0x049C586132110F6551D758deB50A7c984FC0EC59,0x67c597624B17b16fb77959217360B7cD18284253,1
0x8D5Bd8407a55110A346ea0c8aC54C9511764Ee22,0x67c597624B17b16fb77959217360B7cD18284253,1
0x8D5Bd8407a55110A346ea0c8aC54C9511764Ee22,0x67c597624B17b16fb77959217360B7cD18284253,1
0x8D5Bd8407a55110A346ea0c8aC54C9511764Ee22,0x67c597624B17b16fb77959217360B7cD18284253,14
0x8D5Bd8407a55110A346ea0c8aC54C9511764Ee22,0x67c597624B17b16fb77959217360B7cD18284253,3
0x8D5Bd8407a55110A346ea0c8aC54C9511764Ee22,0x67c597624B17b16fb77959217360B7cD18284253,1
0x049C586132110F6551D758deB50A7c984FC0EC59,0x67c597624B17b16fb77959217360B7cD18284253,4
0x049C586132110F6551D758deB50A7c984FC0EC59,0x67c597624B17b16fb77959217360B7cD18284253,18
0x049C586132110F6551D758deB50A7c984FC0EC59,0x67c597624B17b16fb77959217360B7cD18284253,5
0x8D5Bd8407a55110A346ea0c8aC54C9511764Ee22,0x67c597624B17b16fb77959217360B7cD18284253,1
0xBB1577B192b5F0250C2f3E3A4d7E0cfF5E814755,0x468ab3b1f63A1C14b361bC367c3cC92277588Da1,1
0xBB1577B192b5F0250C2f3E3A4d7E0cfF5E814755,0x468ab3b1f63A1C14b361bC367c3cC92277588Da1,1
0x50007A6BF4a45374Aa5206C1aBbA88A1ffde1bAF,0x1B8E12F839BD4e73A47adDF76cF7F0097d74c14C,1
0x50007A6BF4a45374Aa5206C1aBbA88A1ffde1bAF,0x1B8E12F839BD4e73A47adDF76cF7F0097d74c14C,64
0x50007A6BF4a45374Aa5206C1aBbA88A1ffde1bAF,0x1B8E12F839BD4e73A47adDF76cF7F0097d74c14C,187
0x50007A6BF4a45374Aa5206C1aBbA88A1ffde1bAF,0x1B8E12F839BD4e73A47adDF76cF7F0097d74c14C,1
0x50007A6BF4a45374Aa5206C1aBbA88A1ffde1bAF,0x1B8E12F839BD4e73A47adDF76cF7F0097d74c14C,7
0x50007A6BF4a45374Aa5206C1aBbA88A1ffde1bAF,0x1B8E12F839BD4e73A47adDF76cF7F0097d74c14C,1
0x50007A6BF4a45374Aa5206C1aBbA88A1ffde1bAF,0x1B8E12F839BD4e73A47adDF76cF7F0097d74c14C,1
0x50007A6BF4a45374Aa5206C1aBbA88A1ffde1bAF,0x1B8E12F839BD4e73A47adDF76cF7F0097d74c14C,38
0x50007A6BF4a45374Aa5206C1aBbA88A1ffde1bAF,0x1B8E12F839BD4e73A47adDF76cF7F0097d74c14C,1
0x50007A6BF4a45374Aa5206C1aBbA88A1ffde1bAF,0x1B8E12F839BD4e73A47adDF76cF7F0097d74c14C,1
0x50007A6BF4a45374Aa5206C1aBbA88A1ffde1bAF,0x1B8E12F839BD4e73A47adDF76cF7F0097d74c14C,1
0x50007A6BF4a45374Aa5206C1aBbA88A1ffde1bAF,0x1B8E12F839BD4e73A47adDF76cF7F0097d74c14C,4
0x50007A6BF4a45374Aa5206C1aBbA88A1ffde1bAF,0x1B8E12F839BD4e73A47adDF76cF7F0097d74c14C,35
0x50007A6BF4a45374Aa5206C1aBbA88A1ffde1bAF,0x1B8E12F839BD4e73A47adDF76cF7F0097d74c14C,1
0x50007A6BF4a45374Aa5206C1aBbA88A1ffde1bAF,0x1B8E12F839BD4e73A47adDF76cF7F0097d74c14C,17
0x50007A6BF4a45374Aa5206C1aBbA88A1ffde1bAF,0x1B8E12F839BD4e73A47adDF76cF7F0097d74c14C,1
0x50007A6BF4a45374Aa5206C1aBbA88A1ffde1bAF,0x1B8E12F839BD4e73A47adDF76cF7F0097d74c14C,1
0x50007A6BF4a45374Aa5206C1aBbA88A1ffde1bAF,0x1B8E12F839BD4e73A47adDF76cF7F0097d74c14C,5
0x50007A6BF4a45374Aa5206C1aBbA88A1ffde1bAF,0x1B8E12F839BD4e73A47adDF76cF7F0097d74c14C,4
0x50007A6BF4a45374Aa5206C1aBbA88A1ffde1bAF,0x1B8E12F839BD4e73A47adDF76cF7F0097d74c14C,1
0x50007A6BF4a45374Aa5206C1aBbA88A1ffde1bAF,0x1B8E12F839BD4e73A47adDF76cF7F0097d74c14C,1
0x50007A6BF4a45374Aa5206C1aBbA88A1ffde1bAF,0x1B8E12F839BD4e73A47adDF76cF7F0097d74c14C,1
0x50007A6BF4a45374Aa5206C1aBbA88A1ffde1bAF,0x1B8E12F839BD4e73A47adDF76cF7F0097d74c14C,1
0x50007A6BF4a45374Aa5206C1aBbA88A1ffde1bAF,0x1B8E12F839BD4e73A47adDF76cF7F0097d74c14C,1
0x50007A6BF4a45374Aa5206C1aBbA88A1ffde1bAF,0x1B8E12F839BD4e73A47adDF76cF7F0097d74c14C,1
0x50007A6BF4a45374Aa5206C1aBbA88A1ffde1bAF,0x1B8E12F839BD4e73A47adDF76cF7F0097d74c14C,1
0x50007A6BF4a45374Aa5206C1aBbA88A1ffde1bAF,0x1B8E12F839BD4e73A47adDF76cF7F0097d74c14C,1
0x50007A6BF4a45374Aa5206C1aBbA88A1ffde1bAF,0x1B8E12F839BD4e73A47adDF76cF7F0097d74c14C,2
0x50007A6BF4a45374Aa5206C1aBbA88A1ffde1bAF,0x1B8E12F839BD4e73A47adDF76cF7F0097d74c14C,1
0x50007A6BF4a45374Aa5206C1aBbA88A1ffde1bAF,0x1B8E12F839BD4e73A47adDF76cF7F0097d74c14C,1
0x50007A6BF4a45374Aa5206C1aBbA88A1ffde1bAF,0x1B8E12F839BD4e73A47adDF76cF7F0097d74c14C,3
0x50007A6BF4a45374Aa5206C1aBbA88A1ffde1bAF,0x1B8E12F839BD4e73A47adDF76cF7F0097d74c14C,1
0x50007A6BF4a45374Aa5206C1aBbA88A1ffde1bAF,0x1B8E12F839BD4e73A47adDF76cF7F0097d74c14C,1
0x50007A6BF4a45374Aa5206C1aBbA88A1ffde1bAF,0x1B8E12F839BD4e73A47adDF76cF7F0097d74c14C,1
0x50007A6BF4a45374Aa5206C1aBbA88A1ffde1bAF,0x1B8E12F839BD4e73A47adDF76cF7F0097d74c14C,1
0x839B6Bd6C18911d93725D32f80A2A785B41514Cf,0x1B8E12F839BD4e73A47adDF76cF7F0097d74c14C,1
0x839B6Bd6C18911d93725D32f80A2A785B41514Cf,0x1B8E12F839BD4e73A47adDF76cF7F0097d74c14C,2
0x839B6Bd6C18911d93725D32f80A2A785B41514Cf,0x1B8E12F839BD4e73A47adDF76cF7F0097d74c14C,1
0x839B6Bd6C18911d93725D32f80A2A785B41514Cf,0x1B8E12F839BD4e73A47adDF76cF7F0097d74c14C,1
0x839B6Bd6C18911d93725D32f80A2A785B41514Cf,0x1B8E12F839BD4e73A47adDF76cF7F0097d74c14C,1
0x839B6Bd6C18911d93725D32f80A2A785B41514Cf,0x1B8E12F839BD4e73A47adDF76cF7F0097d74c14C,7
0x839B6Bd6C18911d93725D32f80A2A785B41514Cf,0x1B8E12F839BD4e73A47adDF76cF7F0097d74c14C,1
0x839B6Bd6C18911d93725D32f80A2A785B41514Cf,0x1B8E12F839BD4e73A47adDF76cF7F0097d74c14C,1
0x839B6Bd6C18911d93725D32f80A2A785B41514Cf,0x1B8E12F839BD4e73A47adDF76cF7F0097d74c14C,1
0x839B6Bd6C18911d93725D32f80A2A785B41514Cf,0x1B8E12F839BD4e73A47adDF76cF7F0097d74c14C,1
0x839B6Bd6C18911d93725D32f80A2A785B41514Cf,0x1B8E12F839BD4e73A47adDF76cF7F0097d74c14C,1
0x839B6Bd6C18911d93725D32f80A2A785B41514Cf,0x1B8E12F839BD4e73A47adDF76cF7F0097d74c14C,27
0x839B6Bd6C18911d93725D32f80A2A785B41514Cf,0x1B8E12F839BD4e73A47adDF76cF7F0097d74c14C,27
0x839B6Bd6C18911d93725D32f80A2A785B41514Cf,0x1B8E12F839BD4e73A47adDF76cF7F0097d74c14C,1
0x839B6Bd6C18911d93725D32f80A2A785B41514Cf,0x1B8E12F839BD4e73A47adDF76cF7F0097d74c14C,38
0x839B6Bd6C18911d93725D32f80A2A785B41514Cf,0x1B8E12F839BD4e73A47adDF76cF7F0097d74c14C,2
0x839B6Bd6C18911d93725D32f80A2A785B41514Cf,0x1B8E12F839BD4e73A47adDF76cF7F0097d74c14C,3
0x839B6Bd6C18911d93725D32f80A2A785B41514Cf,0x1B8E12F839BD4e73A47adDF76cF7F0097d74c14C,12
0x839B6Bd6C18911d93725D32f80A2A785B41514Cf,0x1B8E12F839BD4e73A47adDF76cF7F0097d74c14C,15
0x839B6Bd6C18911d93725D32f80A2A785B41514Cf,0x1B8E12F839BD4e73A47adDF76cF7F0097d74c14C,7
0x839B6Bd6C18911d93725D32f80A2A785B41514Cf,0x1B8E12F839BD4e73A47adDF76cF7F0097d74c14C,34
0x839B6Bd6C18911d93725D32f80A2A785B41514Cf,0x1B8E12F839BD4e73A47adDF76cF7F0097d74c14C,5
0x8D5Bd8407a55110A346ea0c8aC54C9511764Ee22,0x67c597624B17b16fb77959217360B7cD18284253,9
